description,очищенное_описание,предсказанная_категория
Ноутбук с экраном 15 дюймов и процессором Intel Core i5,ноутбук с экраном 15 дюймов и процессором intel core i5,Спорт > Тренажёры > Тренажёры для пресса
Беспроводные наушники Bluetooth с микрофоном,беспроводные наушники bluetooth с микрофоном,Спорт > Тренажёры > Тренажёры для пресса
Кофейный столик из массива дерева в скандинавском стиле,кофейный столик из массива дерева в скандинавском стиле,Мебель > Столы > Кофейные столики
Лазерный цветной принтер с Wi-Fi,лазерный цветной принтер с wifi,Дом > Инструменты > Наборы инструментов
"Женские кроссовки, размер 39",женские кроссовки размер 39,Мода > Обувь > Кроссовки
Рюкзак водонепроницаемый для ноутбука,рюкзак водонепроницаемый для ноутбука,Дом > Инструменты > Наборы инструментов
Светодиодный монитор 24 дюйма Full HD с HDMI,светодиодный монитор 24 дюйма full hd с hdmi,Спорт > Тренажёры > Тренажёры для пресса
"Кухонный блендер многофункциональный, 800 Вт",кухонный блендер многофункциональный 800 вт,Спорт > Тренажёры > Тренажёры для пресса
Настольная лампа с USB-портом,настольная лампа с usbпортом,Дом > Инструменты > Наборы инструментов
Набор инструментов 100 предметов,набор инструментов 100 предметов,Дом > Инструменты > Наборы инструментов
Смарт-часы с пульсометром и GPS,смартчасы с пульсометром и gps,Спорт > Тренажёры > Тренажёры для пресса
"Пылесос с контейнером для пыли, 2000 Вт",пылесос с контейнером для пыли 2000 вт,Спорт > Тренажёры > Тренажёры для пресса
Электрическая зубная щётка с таймером,электрическая зубная щётка с таймером,Спорт > Тренажёры > Тренажёры для пресса
Игровая клавиатура с подсветкой RGB,игровая клавиатура с подсветкой rgb,Дом > Инструменты > Наборы инструментов
Кожаный мужской кошелёк с отделением для монет,кожаный мужской кошелёк с отделением для монет,Дом > Инструменты > Наборы инструментов
Женская сумка из искусственной кожи,женская сумка из искусственной кожи,Спорт > Тренажёры > Тренажёры для пресса
Микроволновая печь с грилем и дисплеем,микроволновая печь с грилем и дисплеем,Спорт > Тренажёры > Тренажёры для пресса
Электросамокат с аккумулятором 10 А·ч,электросамокат с аккумулятором 10 ач,Спорт > Тренажёры > Тренажёры для пресса
Комплект постельного белья из хлопка,комплект постельного белья из хлопка,Дом > Инструменты > Наборы инструментов
Швейная машина с 12 режимами,швейная машина с 12 режимами,Дом > Инструменты > Наборы инструментов
Смартфон с камерой 48 Мп и 128 ГБ памяти,смартфон с камерой 48 мп и 128 гб памяти,Спорт > Тренажёры > Тренажёры для пресса
Мужские часы с металлическим браслетом,мужские часы с металлическим браслетом,Спорт > Тренажёры > Тренажёры для пресса
Детский велосипед с дополнительными колёсами,детский велосипед с дополнительными колёсами,Дети > Игрушки > Машинки
"Термос из нержавеющей стали, 1 литр",термос из нержавеющей стали 1 литр,Спорт > Тренажёры > Тренажёры для пресса
Планшет с экраном 10 дюймов и Android,планшет с экраном 10 дюймов и android,Дом > Инструменты > Наборы инструментов
"Электрический чайник из стекла, 1.7 л",электрический чайник из стекла 17 л,Спорт > Тренажёры > Тренажёры для пресса
Женские ботинки зимние с мехом,женские ботинки зимние с мехом,Дети > Игрушки > Машинки
Фен с ионизацией и насадками,фен с ионизацией и насадками,Дом > Инструменты > Наборы инструментов
Мужская куртка демисезонная с капюшоном,мужская куртка демисезонная с капюшоном,Мода > Одежда > Куртки
"Кофеварка капельного типа, 1.2 л",кофеварка капельного типа 12 л,Дом > Инструменты > Наборы инструментов
Колонка Bluetooth водонепроницаемая,колонка bluetooth водонепроницаемая,Дом > Инструменты > Наборы инструментов
Утюг с паровым ударом и антипригарной подошвой,утюг с паровым ударом и антипригарной подошвой,Дом > Инструменты > Наборы инструментов
Ночник с датчиком движения,ночник с датчиком движения,Дом > Инструменты > Наборы инструментов
Обогреватель масляный на 9 секций,обогреватель масляный на 9 секций,Спорт > Тренажёры > Тренажёры для пресса
Детский конструктор из 300 деталей,детский конструктор из 300 деталей,Дети > Игрушки > Конструкторы
Настенные часы с кварцевым механизмом,настенные часы с кварцевым механизмом,Спорт > Тренажёры > Тренажёры для пресса
Садовый шланг с распылителем,садовый шланг с распылителем,Дом > Инструменты > Наборы инструментов
Видеорегистратор с двумя камерами,видеорегистратор с двумя камерами,Спорт > Тренажёры > Тренажёры для пресса
Очки виртуальной реальности с пультом,очки виртуальной реальности с пультом,Спорт > Тренажёры > Тренажёры для пресса
Тостер на 2 ломтика с регулятором поджарки,тостер на 2 ломтика с регулятором поджарки,Спорт > Йога > Коврики
Электрическая гитара с усилителем,электрическая гитара с усилителем,Спорт > Тренажёры > Тренажёры для пресса
Складной стол для пикника,складной стол для пикника,Дом > Инструменты > Наборы инструментов
"Сковорода с антипригарным покрытием, 28 см",сковорода с антипригарным покрытием 28 см,Спорт > Тренажёры > Тренажёры для пресса
Коврик для йоги нескользящий,коврик для йоги нескользящий,Дом > Инструменты > Наборы инструментов
Портативная зарядка на 10000 мА·ч,портативная зарядка на 10000 мач,Спорт > Тренажёры > Тренажёры для пресса
Микрофон USB для стриминга,микрофон usb для стриминга,Дом > Инструменты > Наборы инструментов
"Набор кастрюль из нержавеющей стали, 5 шт.",набор кастрюль из нержавеющей стали 5 шт,Дом > Инструменты > Наборы инструментов
Гироскутер с подсветкой,гироскутер с подсветкой,Спорт > Тренажёры > Тренажёры для пресса
Плойка для завивки волос с керамикой,плойка для завивки волос с керамикой,Дом > Инструменты > Наборы инструментов
Радиоуправляемая машина на аккумуляторе,радиоуправляемая машина на аккумуляторе,Спорт > Тренажёры > Тренажёры для пресса
"Ковёр с коротким ворсом, 160x230 см",ковёр с коротким ворсом 160x230 см,Дом > Инструменты > Наборы инструментов
Увлажнитель воздуха ультразвуковой,увлажнитель воздуха ультразвуковой,Спорт > Тренажёры > Тренажёры для пресса
Блендер-погружной с насадками,блендерпогружной с насадками,Дом > Инструменты > Наборы инструментов
"Женская рубашка из хлопка, размер M",женская рубашка из хлопка размер m,Спорт > Тренажёры > Тренажёры для пресса
"Мужская футболка с принтом, размер L",мужская футболка с принтом размер l,Спорт > Тренажёры > Тренажёры для пресса
Настольная игра для всей семьи,настольная игра для всей семьи,Дом > Инструменты > Наборы инструментов
Наушники с шумоподавлением и микрофоном,наушники с шумоподавлением и микрофоном,Дом > Инструменты > Наборы инструментов
Электрогриль настольный с антипригарной решеткой,электрогриль настольный с антипригарной решеткой,Спорт > Тренажёры > Тренажёры для пресса
Компьютерная мышь беспроводная с USB-ресивером,компьютерная мышь беспроводная с usbресивером,Спорт > Тренажёры > Тренажёры для пресса
Сумка для спорта с отделением для обуви,сумка для спорта с отделением для обуви,Спорт > Тренажёры > Тренажёры для пресса
Светодиодная гирлянда на 10 метров,светодиодная гирлянда на 10 метров,Дом > Освещение > Гирлянды
Подушка ортопедическая из пены памяти,подушка ортопедическая из пены памяти,Бытовая техника > Уход за собой > Фены
Массажер для шеи с подогревом,массажер для шеи с подогревом,Спорт > Тренажёры > Тренажёры для пресса
Набор для маникюра с УФ-лампой,набор для маникюра с уфлампой,Дом > Инструменты > Наборы инструментов
Детская игрушка — музыкальный барабан,детская игрушка музыкальный барабан,Дети > Игрушки > Машинки
Флешка USB 3.0 на 64 ГБ,флешка usb 30 на 64 гб,Спорт > Тренажёры > Тренажёры для пресса
Планшет графический для рисования,планшет графический для рисования,Дом > Инструменты > Наборы инструментов
Садовые ножницы с телескопической ручкой,садовые ножницы с телескопической ручкой,Спорт > Тренажёры > Тренажёры для пресса
Набор отверток с магнитным держателем,набор отверток с магнитным держателем,Спорт > Тренажёры > Тренажёры для пресса
Мини-холодильник для напитков,минихолодильник для напитков,Дом > Инструменты > Наборы инструментов
Плед флисовый двухсторонний,плед флисовый двухсторонний,Дом > Инструменты > Наборы инструментов
Кухонные весы электронные до 5 кг,кухонные весы электронные до 5 кг,Электроника > Аудио > Наушники
Стул офисный с эргономичной спинкой,стул офисный с эргономичной спинкой,Офис > Оборудование > Лампы
Комплект удлинителей на 3 розетки,комплект удлинителей на 3 розетки,Спорт > Йога > Коврики
Зонт автоматический с прочным каркасом,зонт автоматический с прочным каркасом,Спорт > Тренажёры > Тренажёры для пресса
Видеоняня с экраном и датчиком звука,видеоняня с экраном и датчиком звука,Дом > Инструменты > Наборы инструментов
Детский рюкзак с изображением динозавра,детский рюкзак с изображением динозавра,Дом > Инструменты > Наборы инструментов
Картриджи для принтера HP 652,картриджи для принтера hp 652,Спорт > Тренажёры > Тренажёры для пресса
Коврик для ванны противоскользящий,коврик для ванны противоскользящий,Спорт > Тренажёры > Тренажёры для пресса
Душевая насадка с несколькими режимами,душевая насадка с несколькими режимами,Спорт > Тренажёры > Тренажёры для пресса
Светодиодный проектор для дома,светодиодный проектор для дома,Дом > Инструменты > Наборы инструментов
"Набор бокалов для вина, 6 шт.",набор бокалов для вина 6 шт,Дом > Инструменты > Наборы инструментов
Настольный вентилятор с USB-питанием,настольный вентилятор с usbпитанием,Дом > Инструменты > Наборы инструментов
Вафельница с антипригарным покрытием,вафельница с антипригарным покрытием,Спорт > Тренажёры > Тренажёры для пресса
Подставка для ноутбука с охлаждением,подставка для ноутбука с охлаждением,Спорт > Тренажёры > Тренажёры для пресса
Беспроводной маршрутизатор Wi-Fi 5,беспроводной маршрутизатор wifi 5,Дом > Инструменты > Наборы инструментов
Машинка для стрижки волос с насадками,машинка для стрижки волос с насадками,Мода > Аксессуары > Сумки
Чехол для телефона с магнитом,чехол для телефона с магнитом,Дом > Инструменты > Наборы инструментов
Сумка-холодильник для пикника,сумкахолодильник для пикника,Мода > Аксессуары > Сумки
Принтер многофункциональный 3-в-1,принтер многофункциональный 3в1,Спорт > Тренажёры > Тренажёры для пресса
Электропростыня с регулятором температуры,электропростыня с регулятором температуры,Электроника > Переферия > Принтеры
Робот-пылесос с управлением через приложение,роботпылесос с управлением через приложение,Бытовая техника > Уборка > Пылесосы
Палатка туристическая на 2 человека,палатка туристическая на 2 человека,Спорт > Тренажёры > Тренажёры для пресса
Портативная акустика с FM-радио,портативная акустика с fmрадио,Спорт > Тренажёры > Тренажёры для пресса
Зарядное устройство для автомобиля USB-C,зарядное устройство для автомобиля usbc,Авто > Аксессуары > Зарядные устройства
Умная лампочка с управлением через Wi-Fi,умная лампочка с управлением через wifi,Спорт > Тренажёры > Тренажёры для пресса
Детская касса с калькулятором и звуками,детская касса с калькулятором и звуками,Дети > Игрушки > Конструкторы
Тренажер для пресса с регулировкой уровня,тренажер для пресса с регулировкой уровня,Спорт > Тренажёры > Тренажёры для пресса
Набор для пикника на 4 персоны,набор для пикника на 4 персоны,Дом > Инструменты > Наборы инструментов
"Роликовые коньки для детей, размер 34",роликовые коньки для детей размер 34,Дети > Игрушки > Конструкторы
Фритюрница электрическая на 3 литра,фритюрница электрическая на 3 литра,Электроника > Переферия > Принтеры
Фонарик налобный с аккумулятором,фонарик налобный с аккумулятором,Дом > Инструменты > Наборы инструментов
Термометр электронный для тела,термометр электронный для тела,Дом > Инструменты > Наборы инструментов
Посудомоечная машина компактная,посудомоечная машина компактная,Спорт > Тренажёры > Тренажёры для пресса
"Набор кистей для макияжа, 12 штук",набор кистей для макияжа 12 штук,Дом > Инструменты > Наборы инструментов
Игровая приставка с предустановленными играми,игровая приставка с предустановленными играми,Спорт > Тренажёры > Тренажёры для пресса
